datetime,portfolio_value,cash,return
2020-01-02 09:30:00-05:00,100000.0,100000.0,
2020-01-02 12:30:00-05:00,100000.0,99676.45999145508,0.0
2020-01-02 15:30:00-05:00,100000.0,99352.91998291016,0.0
2020-01-02 18:30:00-05:00,100000.0,99029.37997436523,0.0
2020-01-03 09:30:00-05:00,99992.85998535156,99029.37997436523,-7.140014648432391e-05
2020-01-03 12:30:00-05:00,99992.85998535156,98708.21997070312,0.0
2020-01-03 15:30:00-05:00,99992.85998535156,98387.05996704102,0.0
2020-01-03 18:30:00-05:00,99992.85998535156,98065.8999633789,0.0
2020-01-06 09:30:00-05:00,99988.83990478516,98065.8999633789,-4.02036762123803e-05
2020-01-06 12:30:00-05:00,99988.83990478516,97745.40997314453,0.0
2020-01-06 15:30:00-05:00,99988.83990478516,97424.91998291016,0.0
2020-01-06 18:30:00-05:00,99988.83990478516,97104.42999267578,0.0
2020-01-07 09:30:00-05:00,100011.60989379883,97104.42999267578,0.00022772530449755024
2020-01-07 12:30:00-05:00,100011.60989379883,96781.41000366211,0.0
2020-01-07 15:30:00-05:00,100011.60989379883,96458.39001464844,0.0
2020-01-07 18:30:00-05:00,100011.60989379883,96135.37002563477,0.0
2020-01-08 09:30:00-05:00,100010.65005493164,96135.37002563477,-9.597274438499781e-06
2020-01-08 12:30:00-05:00,100010.65005493164,95812.43002319336,0.0
2020-01-08 15:30:00-05:00,100010.65005493164,95489.49002075195,0.0
2020-01-08 18:30:00-05:00,100010.65005493164,95166.55001831055,0.0
2020-01-09 09:30:00-05:00,100058.95007324219,95166.55001831055,0.00048294874879850624
2020-01-09 12:30:00-05:00,100058.95007324219,94840.39001464844,0.0
2020-01-09 15:30:00-05:00,100058.95007324219,94514.23001098633,0.0
2020-01-09 18:30:00-05:00,100058.95007324219,94188.07000732422,0.0
2020-01-10 09:30:00-05:00,100079.29016113281,94188.07000732422,0.00020328104458156027
2020-01-10 12:30:00-05:00,100079.29016113281,93860.7799987793,0.0
2020-01-10 15:30:00-05:00,100079.29016113281,93533.48999023438,0.0
2020-01-10 18:30:00-05:00,100079.29016113281,93206.19998168945,0.0
2020-01-13 09:30:00-05:00,100060.39028930664,93206.19998168945,-0.00018884897960147473
2020-01-13 12:30:00-05:00,100060.39028930664,92879.80996704102,0.0
2020-01-13 15:30:00-05:00,100060.39028930664,92553.41995239258,0.0
2020-01-13 18:30:00-05:00,100060.39028930664,92227.02993774414,0.0
2020-01-14 09:30:00-05:00,100086.30996704102,92227.02993774414,0.0002590403421316445
2020-01-14 12:30:00-05:00,100086.30996704102,91899.55993652344,0.0
2020-01-14 15:30:00-05:00,100086.30996704102,91572.08993530273,0.0
2020-01-14 18:30:00-05:00,100086.30996704102,91244.61993408203,0.0
2020-01-15 09:30:00-05:00,100083.07009887695,91244.61993408203,-3.237074246342786e-05
2020-01-15 12:30:00-05:00,100083.07009887695,90917.26992797852,0.0
2020-01-15 15:30:00-05:00,100083.07009887695,90589.919921875,0.0
2020-01-15 18:30:00-05:00,100083.07009887695,90262.56991577148,0.0
2020-01-16 09:30:00-05:00,100153.57028198242,90262.56991577148,0.0007044166714291755
2020-01-16 12:30:00-05:00,100153.57028198242,89932.86990356445,0.0
2020-01-16 15:30:00-05:00,100153.57028198242,89603.16989135742,0.0
2020-01-16 18:30:00-05:00,100153.57028198242,89273.46987915039,0.0
2020-01-17 09:30:00-05:00,100219.57028198242,89273.46987915039,0.000658987990285187
2020-01-17 12:30:00-05:00,100219.57028198242,88941.76986694336,0.0
2020-01-17 15:30:00-05:00,100219.57028198242,88610.06985473633,0.0
2020-01-17 18:30:00-05:00,100219.57028198242,88278.3698425293,0.0
2020-01-21 09:30:00-05:00,100190.76962280273,88278.3698425293,-0.00028737560038072374
2020-01-21 12:30:00-05:00,100190.76962280273,87947.46984863281,0.0
2020-01-21 15:30:00-05:00,100190.76962280273,87616.56985473633,0.0
2020-01-21 18:30:00-05:00,100190.76962280273,87285.66986083984,0.0
2020-01-22 09:30:00-05:00,100243.02947998047,87285.66986083984,0.0005216035107273864
2020-01-22 12:30:00-05:00,100243.02947998047,86953.42987060547,0.0
2020-01-22 15:30:00-05:00,100243.02947998047,86621.1898803711,0.0
2020-01-22 18:30:00-05:00,100243.02947998047,86288.94989013672,0.0
2020-01-23 09:30:00-05:00,100175.41009521484,86288.94989013672,-0.0006745544814078519
2020-01-23 12:30:00-05:00,100175.41009521484,85958.3198852539,0.0
2020-01-23 15:30:00-05:00,100175.41009521484,85627.6898803711,0.0
2020-01-23 18:30:00-05:00,100175.41009521484,85297.05987548828,0.0
2020-01-24 09:30:00-05:00,100256.85998535156,85297.05987548828,0.0008130726897879192
2020-01-24 12:30:00-05:00,100256.85998535156,84964.61987304688,0.0
2020-01-24 15:30:00-05:00,100256.85998535156,84632.17987060547,0.0
2020-01-24 18:30:00-05:00,100256.85998535156,84299.73986816406,0.0
2020-01-27 09:30:00-05:00,99805.17980957031,84299.73986816406,-0.0045052296256560265
2020-01-27 12:30:00-05:00,99805.17980957031,83976.70986938477,0.0
2020-01-27 15:30:00-05:00,99805.17980957031,83653.67987060547,0.0
2020-01-27 18:30:00-05:00,99805.17980957031,83330.64987182617,0.0
2020-01-28 09:30:00-05:00,99908.70974731445,83330.64987182617,0.0010373202867994813
2020-01-28 12:30:00-05:00,99908.70974731445,83005.58987426758,0.0
2020-01-28 15:30:00-05:00,99908.70974731445,82680.52987670898,0.0
2020-01-28 18:30:00-05:00,99908.70974731445,82355.46987915039,0.0
2020-01-29 09:30:00-05:00,100087.99014282227,82355.46987915039,0.0017944421058109228
2020-01-29 12:30:00-05:00,100087.99014282227,82027.08987426758,0.0
2020-01-29 15:30:00-05:00,100087.99014282227,81698.70986938477,0.0
2020-01-29 18:30:00-05:00,100087.99014282227,81370.32986450195,0.0
2020-01-30 09:30:00-05:00,99858.84902954102,81370.32986450195,-0.002289396689395762
2020-01-30 12:30:00-05:00,99858.84902954102,81045.96987915039,0.0
2020-01-30 15:30:00-05:00,99858.84902954102,80721.60989379883,0.0
2020-01-30 18:30:00-05:00,99858.84902954102,80397.24990844727,0.0
2020-01-31 09:30:00-05:00,100017.24990844727,80397.24990844727,0.0015862477932164776
2020-01-31 12:30:00-05:00,100017.24990844727,80070.24990844727,0.0
2020-01-31 15:30:00-05:00,100017.24990844727,79743.24990844727,0.0
2020-01-31 18:30:00-05:00,100017.24990844727,79416.24990844727,0.0
2020-02-03 09:30:00-05:00,99787.30029296875,79416.24990844727,-0.002299099562215523
2020-02-03 12:30:00-05:00,99787.30029296875,79092.89990234375,0.0
2020-02-03 15:30:00-05:00,99787.30029296875,78769.54989624023,0.0
2020-02-03 18:30:00-05:00,99787.30029296875,78446.19989013672,0.0
2020-02-04 09:30:00-05:00,100098.82037353516,78446.19989013672,0.0031218409522233426
2020-02-04 12:30:00-05:00,100098.82037353516,78118.1298828125,0.0
2020-02-04 15:30:00-05:00,100098.82037353516,77790.05987548828,0.0
2020-02-04 18:30:00-05:00,100098.82037353516,77461.98986816406,0.0
2020-02-05 09:30:00-05:00,100388.61911010742,77461.98986816406,0.00289512639100864
2020-02-05 12:30:00-05:00,100388.61911010742,77129.71987915039,0.0
2020-02-05 15:30:00-05:00,100388.61911010742,76797.44989013672,0.0
2020-02-05 18:30:00-05:00,100388.61911010742,76465.17990112305,0.0
2020-02-06 09:30:00-05:00,100506.70016479492,76465.17990112305,0.001176239455570105
2020-02-06 12:30:00-05:00,100506.70016479492,76131.26989746094,0.0
2020-02-06 15:30:00-05:00,100506.70016479492,75797.35989379883,0.0
2020-02-06 18:30:00-05:00,100506.70016479492,75463.44989013672,0.0
2020-02-07 09:30:00-05:00,100424.95043945312,75463.44989013672,-0.000813375876511313
2020-02-07 12:30:00-05:00,100424.95043945312,75130.6298828125,0.0
2020-02-07 15:30:00-05:00,100424.95043945312,74797.80987548828,0.0
2020-02-07 18:30:00-05:00,100424.95043945312,74464.98986816406,0.0
2020-02-10 09:30:00-05:00,100300.93072509766,74464.98986816406,-0.001234949221411319
2020-02-10 12:30:00-05:00,100300.93072509766,74133.75985717773,0.0
2020-02-10 15:30:00-05:00,100300.93072509766,73802.5298461914,0.0
2020-02-10 18:30:00-05:00,100300.93072509766,73471.29983520508,0.0
2020-02-11 09:30:00-05:00,100700.26013183594,73471.29983520508,0.00398131307308347
2020-02-11 12:30:00-05:00,100700.26013183594,73135.13983154297,0.0
2020-02-11 15:30:00-05:00,100700.26013183594,72798.97982788086,0.0
2020-02-11 18:30:00-05:00,100700.26013183594,72462.81982421875,0.0
2020-02-12 09:30:00-05:00,100756.53869628906,72462.81982421875,0.0005588720861242624
2020-02-12 12:30:00-05:00,100756.53869628906,72125.98983764648,0.0
2020-02-12 15:30:00-05:00,100756.53869628906,71789.15985107422,0.0
2020-02-12 18:30:00-05:00,100756.53869628906,71452.32986450195,0.0
2020-02-13 09:30:00-05:00,100672.14859008789,71452.32986450195,-0.0008375645619937977
2020-02-13 12:30:00-05:00,100672.14859008789,71116.46987915039,0.0
2020-02-13 15:30:00-05:00,100672.14859008789,70780.60989379883,0.0
2020-02-13 18:30:00-05:00,100672.14859008789,70444.74990844727,0.0
2020-02-14 09:30:00-05:00,100820.65078735352,70444.74990844727,0.001475107061341241
2020-02-14 12:30:00-05:00,100820.65078735352,70107.23989868164,0.0
2020-02-14 15:30:00-05:00,100820.65078735352,69769.72988891602,0.0
2020-02-14 18:30:00-05:00,100820.65078735352,69432.21987915039,0.0
2020-02-18 09:30:00-05:00,100727.65078735352,69432.21987915039,-0.0009224300703647437
2020-02-18 12:30:00-05:00,100727.65078735352,69095.70986938477,0.0
2020-02-18 15:30:00-05:00,100727.65078735352,68759.19985961914,0.0
2020-02-18 18:30:00-05:00,100727.65078735352,68422.68984985352,0.0
2020-02-19 09:30:00-05:00,100850.53067016602,68422.68984985352,0.001219922055681666
2020-02-19 12:30:00-05:00,100850.53067016602,68084.8998413086,0.0
2020-02-19 15:30:00-05:00,100850.53067016602,67747.10983276367,0.0
2020-02-19 18:30:00-05:00,100850.53067016602,67409.31982421875,0.0
2020-02-20 09:30:00-05:00,100845.57885742188,67409.31982421875,-4.910051252315917e-05
2020-02-20 12:30:00-05:00,100845.57885742188,67071.57983398438,0.0
2020-02-20 15:30:00-05:00,100845.57885742188,66733.83984375,0.0
2020-02-20 18:30:00-05:00,100845.57885742188,66396.09985351562,0.0
2020-02-21 09:30:00-05:00,100614.03997802734,66396.09985351562,-0.0022959745188422254
2020-02-21 12:30:00-05:00,100614.03997802734,66060.62985229492,0.0
2020-02-21 15:30:00-05:00,100614.03997802734,65725.15985107422,0.0
2020-02-21 18:30:00-05:00,100614.03997802734,65389.689849853516,0.0
2020-02-24 09:30:00-05:00,99319.39138793945,65389.689849853516,-0.012867474463510442
2020-02-24 12:30:00-05:00,99319.39138793945,65066.54983520508,0.0
2020-02-24 15:30:00-05:00,99319.39138793945,64743.40982055664,0.0
2020-02-24 18:30:00-05:00,99319.39138793945,64420.2698059082,0.0
2020-02-25 09:30:00-05:00,99405.79006958008,64420.2698059082,0.0008699074816431729
2020-02-25 12:30:00-05:00,99405.79006958008,64096.3298034668,0.0
2020-02-25 15:30:00-05:00,99405.79006958008,63772.38980102539,0.0
2020-02-25 18:30:00-05:00,99405.79006958008,63448.449798583984,0.0
2020-02-26 09:30:00-05:00,98322.4289855957,63448.449798583984,-0.010898370036856675
2020-02-26 12:30:00-05:00,98322.4289855957,63134.2698059082,0.0
2020-02-26 15:30:00-05:00,98322.4289855957,62820.08981323242,0.0
2020-02-26 18:30:00-05:00,98322.4289855957,62505.90982055664,0.0
2020-02-27 09:30:00-05:00,97328.34884643555,62505.90982055664,-0.010110410711128726
2020-02-27 12:30:00-05:00,97328.34884643555,62200.44982910156,0.0
2020-02-27 15:30:00-05:00,97328.34884643555,61894.989837646484,0.0
2020-02-27 18:30:00-05:00,97328.34884643555,61589.529846191406,0.0
2020-02-28 09:30:00-05:00,95367.43127441406,61589.529846191406,-0.020147445171554423
2020-02-28 12:30:00-05:00,95367.43127441406,61300.829833984375,0.0
2020-02-28 15:30:00-05:00,95367.43127441406,61012.129821777344,0.0
2020-02-28 18:30:00-05:00,95367.43127441406,60723.42980957031,0.0
2020-03-02 09:30:00-05:00,96508.62878417969,60723.42980957031,0.011966323245950594
2020-03-02 12:30:00-05:00,96508.62878417969,60425.219818115234,0.0
2020-03-02 15:30:00-05:00,96508.62878417969,60127.009826660156,0.0
2020-03-02 18:30:00-05:00,96508.62878417969,59828.79983520508,0.0
2020-03-03 09:30:00-05:00,97897.29983520508,59828.79983520508,0.014389086950254537
2020-03-03 12:30:00-05:00,97897.29983520508,59519.29983520508,0.0
2020-03-03 15:30:00-05:00,97897.29983520508,59209.79983520508,0.0
2020-03-03 18:30:00-05:00,97897.29983520508,58900.29983520508,0.0
2020-03-04 09:30:00-05:00,97471.4192199707,58900.29983520508,-0.004350279486270647
2020-03-04 12:30:00-05:00,97471.4192199707,58594.17984008789,0.0
2020-03-04 15:30:00-05:00,97471.4192199707,58288.0598449707,0.0
2020-03-04 18:30:00-05:00,97471.4192199707,57981.939849853516,0.0
2020-03-05 09:30:00-05:00,97324.36126708984,57981.939849853516,-0.0015087289592961017
2020-03-05 12:30:00-05:00,97324.36126708984,57676.95983886719,0.0
2020-03-05 15:30:00-05:00,97324.36126708984,57371.97982788086,0.0
2020-03-05 18:30:00-05:00,97324.36126708984,57066.99981689453,0.0
2020-03-06 09:30:00-05:00,95762.79901123047,57066.99981689453,-0.016044926835676154
2020-03-06 12:30:00-05:00,95762.79901123047,56773.84982299805,0.0
2020-03-06 15:30:00-05:00,95762.79901123047,56480.69982910156,0.0
2020-03-06 18:30:00-05:00,95762.79901123047,56187.54983520508,0.0
2020-03-09 09:30:00-04:00,94613.95181274414,56187.54983520508,-0.011996800535786334
2020-03-09 12:30:00-04:00,94613.95181274414,55902.90982055664,0.0
2020-03-09 15:30:00-04:00,94613.95181274414,55618.2698059082,0.0
2020-03-09 18:30:00-04:00,94613.95181274414,55333.629791259766,0.0
2020-03-10 09:30:00-04:00,94070.23147583008,55333.629791259766,-0.005746724732417552
2020-03-10 12:30:00-04:00,94070.23147583008,55052.929779052734,0.0
2020-03-10 15:30:00-04:00,94070.23147583008,54772.2297668457,0.0
2020-03-10 18:30:00-04:00,94070.23147583008,54491.52975463867,0.0
2020-03-11 09:30:00-04:00,90587.52975463867,54491.52975463867,-0.037022357302121
2020-03-11 12:30:00-04:00,90587.52975463867,54235.52975463867,0.0
2020-03-11 15:30:00-04:00,90587.52975463867,53979.52975463867,0.0
2020-03-11 18:30:00-04:00,90587.52975463867,53723.52975463867,0.0
2020-03-12 09:30:00-04:00,91608.48922729492,53723.52975463867,0.011270419619803906
2020-03-12 12:30:00-04:00,91608.48922729492,53460.43975830078,0.0
2020-03-12 15:30:00-04:00,91608.48922729492,53197.34976196289,0.0
2020-03-12 18:30:00-04:00,91608.48922729492,52934.259765625,0.0
2020-03-13 09:30:00-04:00,91608.48922729492,52934.259765625,0.0
2020-03-13 12:30:00-04:00,91608.48922729492,52671.16976928711,0.0
2020-03-13 15:30:00-04:00,91608.48922729492,52408.07977294922,0.0
2020-03-13 18:30:00-04:00,91608.48922729492,52144.98977661133,0.0
2020-03-16 09:30:00-04:00,88900.98876953125,52144.98977661133,-0.02955512617445244
2020-03-16 12:30:00-04:00,88900.98876953125,51899.949783325195,0.0
2020-03-16 15:30:00-04:00,88900.98876953125,51654.90979003906,0.0
2020-03-16 18:30:00-04:00,88900.98876953125,51409.86979675293,0.0
2020-03-17 09:30:00-04:00,87556.11979675293,51409.86979675293,-0.015127716703632887
2020-03-17 12:30:00-04:00,87556.11979675293,51173.61979675293,0.0
2020-03-17 15:30:00-04:00,87556.11979675293,50937.36979675293,0.0
2020-03-17 18:30:00-04:00,87556.11979675293,50701.11979675293,0.0
2020-03-18 09:30:00-04:00,88024.11979675293,50701.11979675293,0.005345143218845161
2020-03-18 12:30:00-04:00,88024.11979675293,50461.86979675293,0.0
2020-03-18 15:30:00-04:00,88024.11979675293,50222.61979675293,0.0
2020-03-18 18:30:00-04:00,88024.11979675293,49983.36979675293,0.0
2020-03-19 09:30:00-04:00,88545.63960266113,49983.36979675293,0.00592473752776379
2020-03-19 12:30:00-04:00,88545.63960266113,49740.83979797363,0.0
2020-03-19 15:30:00-04:00,88545.63960266113,49498.309799194336,0.0
2020-03-19 18:30:00-04:00,88545.63960266113,49255.77980041504,0.0
2020-03-20 09:30:00-04:00,88773.41160266113,49483.551800415036,0.0025723683404637043
2020-03-20 12:30:00-04:00,88773.41160266113,49241.02180163574,0.0
2020-03-20 15:30:00-04:00,88773.41160266113,48998.49180285644,0.0
2020-03-20 18:30:00-04:00,88773.41160266113,48755.961804077146,0.0
2020-03-23 09:30:00-04:00,87435.26150195312,48755.961804077146,-0.015073771262699709
2020-03-23 12:30:00-04:00,87435.26150195312,48521.5418059082,0.0
2020-03-23 15:30:00-04:00,87435.26150195312,48287.121807739255,0.0
2020-03-23 18:30:00-04:00,87435.26150195312,48052.70180957031,0.0
2020-03-24 09:30:00-04:00,89190.86098925781,48052.70180957031,0.02007884985013142
2020-03-24 12:30:00-04:00,89190.86098925781,47807.83181445312,0.0
2020-03-24 15:30:00-04:00,89190.86098925781,47562.961819335935,0.0
2020-03-24 18:30:00-04:00,89190.86098925781,47318.09182421875,0.0
2020-03-25 09:30:00-04:00,89986.01255480957,47318.09182421875,0.008915168625264425
2020-03-25 12:30:00-04:00,89986.01255480957,47068.571819946286,0.0
2020-03-25 15:30:00-04:00,89986.01255480957,46819.051815673825,0.0
2020-03-25 18:30:00-04:00,89986.01255480957,46569.531811401364,0.0
2020-03-26 09:30:00-04:00,90638.51255480957,46569.531811401364,0.007251126941562935
2020-03-26 12:30:00-04:00,90638.51255480957,46316.2618071289,0.0
2020-03-26 15:30:00-04:00,90638.51255480957,46062.99180285644,0.0
2020-03-26 18:30:00-04:00,90638.51255480957,45809.72179858398,0.0
2020-03-27 09:30:00-04:00,90638.51255480957,45809.72179858398,0.0
2020-03-27 12:30:00-04:00,90638.51255480957,45556.45179431152,0.0
2020-03-27 15:30:00-04:00,90638.51255480957,45303.18179003906,0.0
2020-03-27 18:30:00-04:00,90638.51255480957,45049.9117857666,0.0
2020-03-30 09:30:00-04:00,91950.71134631347,45049.9117857666,0.01447727632015594
2020-03-30 12:30:00-04:00,91950.71134631347,44789.351788208005,0.0
2020-03-30 15:30:00-04:00,91950.71134631347,44528.79179064941,0.0
2020-03-30 18:30:00-04:00,91950.71134631347,44268.23179309082,0.0
2020-03-31 09:30:00-04:00,89648.57101123047,44268.23179309082,-0.025036677817667607
2020-03-31 12:30:00-04:00,89648.57101123047,44020.25179736328,0.0
2020-03-31 15:30:00-04:00,89648.57101123047,43772.27180163574,0.0
2020-03-31 18:30:00-04:00,89648.57101123047,43524.2918059082,0.0
2020-04-01 09:30:00-04:00,89129.63226000976,43524.2918059082,-0.005788589214162698
2020-04-01 12:30:00-04:00,89129.63226000976,43279.101803466794,0.0
2020-04-01 15:30:00-04:00,89129.63226000976,43033.91180102539,0.0
2020-04-01 18:30:00-04:00,89129.63226000976,42788.72179858398,0.0
2020-04-02 09:30:00-04:00,90182.36076037597,42788.72179858398,0.011811206595077062
2020-04-02 12:30:00-04:00,90182.36076037597,42537.961804077146,0.0
2020-04-02 15:30:00-04:00,90182.36076037597,42287.20180957031,0.0
2020-04-02 18:30:00-04:00,90182.36076037597,42036.441815063474,0.0
2020-04-03 09:30:00-04:00,90182.36076037597,42036.441815063474,0.0
2020-04-03 12:30:00-04:00,90182.36076037597,41785.68182055664,0.0
2020-04-03 15:30:00-04:00,90182.36076037597,41534.9218260498,0.0
2020-04-03 18:30:00-04:00,90182.36076037597,41284.161831542966,0.0
2020-04-06 09:30:00-04:00,94755.1101652832,41284.161831542966,0.050705585508650675
2020-04-06 12:30:00-04:00,94755.1101652832,41009.95184008789,0.0
2020-04-06 15:30:00-04:00,94755.1101652832,40735.74184863281,0.0
2020-04-06 18:30:00-04:00,94755.1101652832,40461.53185717773,0.0
2020-04-07 09:30:00-04:00,93517.6101652832,40461.53185717773,-0.01305998164997546
2020-04-07 12:30:00-04:00,93517.6101652832,40193.57186572265,0.0
2020-04-07 15:30:00-04:00,93517.6101652832,39925.611874267575,0.0
2020-04-07 18:30:00-04:00,93517.6101652832,39657.6518828125,0.0
2020-04-08 09:30:00-04:00,95451.22918383789,39657.6518828125,0.02067652301141143
2020-04-08 12:30:00-04:00,95451.22918383789,39380.07189624023,0.0
2020-04-08 15:30:00-04:00,95451.22918383789,39102.491909667966,0.0
2020-04-08 18:30:00-04:00,95451.22918383789,38824.9119230957,0.0
2020-04-09 09:30:00-04:00,95451.22918383789,38824.9119230957,0.0
2020-04-09 12:30:00-04:00,95451.22918383789,38547.331936523435,0.0
2020-04-09 15:30:00-04:00,95451.22918383789,38269.75194995117,0.0
2020-04-09 18:30:00-04:00,95451.22918383789,37992.1719633789,0.0
2020-04-13 09:30:00-04:00,96155.03423754883,37992.1719633789,0.007373451968391231
2020-04-13 12:30:00-04:00,96155.03423754883,37711.191952392575,0.0
2020-04-13 15:30:00-04:00,96155.03423754883,37430.21194140625,0.0
2020-04-13 18:30:00-04:00,96155.03423754883,37149.23193041992,0.0
2020-04-14 09:30:00-04:00,95438.93346850586,37149.23193041992,-0.007447355977991288
2020-04-14 12:30:00-04:00,95438.93346850586,36871.6619230957,0.0
2020-04-14 15:30:00-04:00,95438.93346850586,36594.09191577148,0.0
2020-04-14 18:30:00-04:00,95438.93346850586,36316.52190844726,0.0
2020-04-15 09:30:00-04:00,95775.47060839843,36316.52190844726,0.0035262039050723004
2020-04-15 12:30:00-04:00,95775.47060839843,36037.37191455078,0.0
2020-04-15 15:30:00-04:00,95775.47060839843,35758.221920654294,0.0
2020-04-15 18:30:00-04:00,95775.47060839843,35479.07192675781,0.0
2020-04-16 09:30:00-04:00,97121.15298144531,35479.07192675781,0.014050386435051188
2020-04-16 12:30:00-04:00,97121.15298144531,35193.691921875,0.0
2020-04-16 15:30:00-04:00,97121.15298144531,34908.311916992185,0.0
2020-04-16 18:30:00-04:00,97121.15298144531,34622.93191210937,0.0
2020-04-17 09:30:00-04:00,97121.15298144531,34622.93191210937,0.0
2020-04-17 12:30:00-04:00,97121.15298144531,34337.55190722656,0.0
2020-04-17 15:30:00-04:00,97121.15298144531,34052.17190234375,0.0
2020-04-17 18:30:00-04:00,97121.15298144531,33766.791897460935,0.0
2020-04-20 09:30:00-04:00,95200.85433642578,33766.791897460935,-0.019772197776383504
2020-04-20 12:30:00-04:00,95200.85433642578,33490.06188647461,0.0
2020-04-20 15:30:00-04:00,95200.85433642578,33213.33187548828,0.0
2020-04-20 18:30:00-04:00,95200.85433642578,32936.60186450195,0.0
2020-04-21 09:30:00-04:00,95565.35323779297,32936.60186450195,0.003828735612803502
2020-04-21 12:30:00-04:00,95565.35323779297,32658.251858398435,0.0
2020-04-21 15:30:00-04:00,95565.35323779297,32379.90185229492,0.0
2020-04-21 18:30:00-04:00,95565.35323779297,32101.551846191403,0.0
2020-04-22 09:30:00-04:00,96053.2696196289,32101.551846191403,0.005105578175616188
2020-04-22 12:30:00-04:00,96053.2696196289,31821.06185595703,0.0
2020-04-22 15:30:00-04:00,96053.2696196289,31540.571865722653,0.0
2020-04-22 18:30:00-04:00,96053.2696196289,31260.08187548828,0.0
2020-04-23 09:30:00-04:00,96108.71441333008,31260.08187548828,0.0005772296343553585
2020-04-23 12:30:00-04:00,96108.71441333008,30979.35186450195,0.0
2020-04-23 15:30:00-04:00,96108.71441333008,30698.621853515622,0.0
2020-04-23 18:30:00-04:00,96108.71441333008,30417.891842529294,0.0
2020-04-24 09:30:00-04:00,96108.71441333008,30417.891842529294,0.0
2020-04-24 12:30:00-04:00,96108.71441333008,30137.161831542966,0.0
2020-04-24 15:30:00-04:00,96108.71441333008,29856.431820556638,0.0
2020-04-24 18:30:00-04:00,96108.71441333008,29575.70180957031,0.0
2020-04-27 09:30:00-04:00,98547.43920581054,29575.70180957031,0.02537464794287403
2020-04-27 12:30:00-04:00,98547.43920581054,29284.681820556638,0.0
2020-04-27 15:30:00-04:00,98547.43920581054,28993.661831542966,0.0
2020-04-27 18:30:00-04:00,98547.43920581054,28702.641842529294,0.0
2020-04-28 09:30:00-04:00,98669.84154956054,28702.641842529294,0.0012420651894806678
2020-04-28 12:30:00-04:00,98669.84154956054,28411.111843749997,0.0
2020-04-28 15:30:00-04:00,98669.84154956054,28119.5818449707,0.0
2020-04-28 18:30:00-04:00,98669.84154956054,27828.051846191403,0.0
2020-04-29 09:30:00-04:00,98713.57976977539,27828.051846191403,0.0004432785086907476
2020-04-29 12:30:00-04:00,98713.57976977539,27536.341854736325,0.0
2020-04-29 15:30:00-04:00,98713.57976977539,27244.631863281247,0.0
2020-04-29 18:30:00-04:00,98713.57976977539,26952.92187182617,0.0
2020-04-30 09:30:00-04:00,97139.18127124023,26952.92187182617,-0.01594915818276521
2020-04-30 12:30:00-04:00,97139.18127124023,26667.611874267575,0.0
2020-04-30 15:30:00-04:00,97139.18127124023,26382.30187670898,0.0
2020-04-30 18:30:00-04:00,97139.18127124023,26096.991879150388,0.0
2020-05-01 09:30:00-04:00,97139.18127124023,26096.991879150388,0.0
2020-05-01 12:30:00-04:00,97139.18127124023,25811.681881591794,0.0
2020-05-01 15:30:00-04:00,97139.18127124023,25526.3718840332,0.0
2020-05-01 18:30:00-04:00,97139.18127124023,25241.061886474607,0.0
2020-05-04 09:30:00-04:00,97474.34557788086,25241.061886474607,0.0034503513644483785
2020-05-04 12:30:00-04:00,97474.34557788086,24954.42187182617,0.0
2020-05-04 15:30:00-04:00,97474.34557788086,24667.78185717773,0.0
2020-05-04 18:30:00-04:00,97474.34557788086,24381.141842529294,0.0
2020-05-05 09:30:00-04:00,97831.34402148437,24381.141842529294,0.003662486180205038
2020-05-05 12:30:00-04:00,97831.34402148437,24093.101833984372,0.0
2020-05-05 15:30:00-04:00,97831.34402148437,23805.06182543945,0.0
2020-05-05 18:30:00-04:00,97831.34402148437,23517.02181689453,0.0
2020-05-06 09:30:00-04:00,97756.52181689453,23517.02181689453,-0.0007648081025383169
2020-05-06 12:30:00-04:00,97756.52181689453,23229.27181689453,0.0
2020-05-06 15:30:00-04:00,97756.52181689453,22941.52181689453,0.0
2020-05-06 18:30:00-04:00,97756.52181689453,22653.77181689453,0.0
2020-05-07 09:30:00-04:00,98628.26086108398,22653.77181689453,0.008917451521263109
2020-05-07 12:30:00-04:00,98628.26086108398,22362.681820556638,0.0
2020-05-07 15:30:00-04:00,98628.26086108398,22071.591824218747,0.0
2020-05-07 18:30:00-04:00,98628.26086108398,21780.501827880857,0.0
2020-05-08 09:30:00-04:00,98628.26086108398,21780.501827880857,0.0
2020-05-08 12:30:00-04:00,98628.26086108398,21489.411831542966,0.0
2020-05-08 15:30:00-04:00,98628.26086108398,21198.321835205075,0.0
2020-05-08 18:30:00-04:00,98628.26086108398,20907.231838867185,0.0
2020-05-11 09:30:00-04:00,99349.16412036133,20907.231838867185,0.007309297081621757
2020-05-11 12:30:00-04:00,99349.16412036133,20613.441830322263,0.0
2020-05-11 15:30:00-04:00,99349.16412036133,20319.65182177734,0.0
2020-05-11 18:30:00-04:00,99349.16412036133,20025.86181323242,0.0
2020-05-12 09:30:00-04:00,97262.06115405273,20025.86181323242,-0.02100775567452251
2020-05-12 12:30:00-04:00,97262.06115405273,19739.801815673825,0.0
2020-05-12 15:30:00-04:00,97262.06115405273,19453.74181811523,0.0
2020-05-12 18:30:00-04:00,97262.06115405273,19167.681820556638,0.0
2020-05-13 09:30:00-04:00,95321.03515307617,19167.681820556638,-0.019956661188808122
2020-05-13 12:30:00-04:00,95321.03515307617,18888.731808349607,0.0
2020-05-13 15:30:00-04:00,95321.03515307617,18609.781796142575,0.0
2020-05-13 18:30:00-04:00,95321.03515307617,18330.831783935544,0.0
2020-05-14 09:30:00-04:00,96264.9504362793,18330.831783935544,0.009902486703877056
2020-05-14 12:30:00-04:00,96264.9504362793,18048.461788818357,0.0
2020-05-14 15:30:00-04:00,96264.9504362793,17766.09179370117,0.0
2020-05-14 18:30:00-04:00,96264.9504362793,17483.72179858398,0.0
2020-05-15 09:30:00-04:00,96264.9504362793,17483.72179858398,0.0
2020-05-15 12:30:00-04:00,96264.9504362793,17201.351803466794,0.0
2020-05-15 15:30:00-04:00,96264.9504362793,16918.981808349607,0.0
2020-05-15 18:30:00-04:00,96264.9504362793,16636.61181323242,0.0
2020-05-18 09:30:00-04:00,99643.31353442383,16636.61181323242,0.03509442515509087
2020-05-18 12:30:00-04:00,99643.31353442383,16342.261807128903,0.0
2020-05-18 15:30:00-04:00,99643.31353442383,16047.911801025388,0.0
2020-05-18 18:30:00-04:00,99643.31353442383,15753.561794921872,0.0
2020-05-19 09:30:00-04:00,100062.26388232422,15753.561794921872,0.004204500362742891
2020-05-19 12:30:00-04:00,100062.26388232422,15457.741787597653,0.0
2020-05-19 15:30:00-04:00,100062.26388232422,15161.921780273435,0.0
2020-05-19 18:30:00-04:00,100062.26388232422,14866.101772949216,0.0
2020-05-20 09:30:00-04:00,100341.62423388672,14866.101772949216,0.002791865191967169
2020-05-20 12:30:00-04:00,100341.62423388672,14569.311764404294,0.0
2020-05-20 15:30:00-04:00,100341.62423388672,14272.521755859372,0.0
2020-05-20 18:30:00-04:00,100341.62423388672,13975.73174731445,0.0
2020-05-21 09:30:00-04:00,99695.6038786621,13975.73174731445,-0.006438209069835277
2020-05-21 12:30:00-04:00,99695.6038786621,13681.161739990232,0.0
2020-05-21 15:30:00-04:00,99695.6038786621,13386.591732666013,0.0
2020-05-21 18:30:00-04:00,99695.6038786621,13092.021725341794,0.0
2020-05-22 09:30:00-04:00,99695.6038786621,13092.021725341794,0.0
2020-05-22 12:30:00-04:00,99695.6038786621,12797.451718017575,0.0
2020-05-22 15:30:00-04:00,99695.6038786621,12502.881710693357,0.0
2020-05-22 18:30:00-04:00,99695.6038786621,12208.311703369138,0.0
2020-05-26 09:30:00-04:00,101937.95025317383,12208.311703369138,0.022491928302484032
2020-05-26 12:30:00-04:00,101937.95025317383,11906.19170825195,0.0
2020-05-26 15:30:00-04:00,101937.95025317383,11604.071713134763,0.0
2020-05-26 18:30:00-04:00,101937.95025317383,11301.951718017575,0.0
2020-05-27 09:30:00-04:00,102696.94988696289,11301.951718017575,0.007445702330721726
2020-05-27 12:30:00-04:00,102696.94988696289,10997.301724121091,0.0
2020-05-27 15:30:00-04:00,102696.94988696289,10692.651730224607,0.0
2020-05-27 18:30:00-04:00,102696.94988696289,10388.001736328122,0.0
2020-05-28 09:30:00-04:00,102033.3791472168,10388.001736328122,-0.006461445451656278
2020-05-28 12:30:00-04:00,102033.3791472168,10085.541744873044,0.0
2020-05-28 15:30:00-04:00,102033.3791472168,9783.081753417966,0.0
2020-05-28 18:30:00-04:00,102033.3791472168,9480.621761962888,0.0
2020-05-29 09:30:00-04:00,102033.3791472168,9480.621761962888,0.0
2020-05-29 12:30:00-04:00,102033.3791472168,9178.16177050781,0.0
2020-05-29 15:30:00-04:00,102033.3791472168,8875.701779052732,0.0
2020-05-29 18:30:00-04:00,102033.3791472168,8573.241787597653,0.0
2020-06-01 09:30:00-04:00,103297.188015625,8573.241787597653,0.01238622967278924
2020-06-01 12:30:00-04:00,103297.188015625,8266.691799804685,0.0
2020-06-01 15:30:00-04:00,103297.188015625,7960.141812011716,0.0
2020-06-01 18:30:00-04:00,103297.188015625,7653.591824218747,0.0
2020-06-02 09:30:00-04:00,104448.46877734375,7653.591824218747,0.011145325287505559
2020-06-02 12:30:00-04:00,104448.46877734375,7343.351833984372,0.0
2020-06-02 15:30:00-04:00,104448.46877734375,7033.111843749997,0.0
2020-06-02 18:30:00-04:00,104448.46877734375,6722.871853515622,0.0
2020-06-03 09:30:00-04:00,104722.51723925781,6722.871853515622,0.0026237671563980047
2020-06-03 12:30:00-04:00,104722.51723925781,6411.76186816406,0.0
2020-06-03 15:30:00-04:00,104722.51723925781,6100.651882812497,0.0
2020-06-03 18:30:00-04:00,104722.51723925781,5789.541897460935,0.0
2020-06-04 09:30:00-04:00,106668.68539111328,5789.541897460935,0.018584046708971735
2020-06-04 12:30:00-04:00,106668.68539111328,5472.311886474607,0.0
2020-06-04 15:30:00-04:00,106668.68539111328,5155.0818754882785,0.0
2020-06-04 18:30:00-04:00,106668.68539111328,4837.85186450195,0.0
2020-06-05 09:30:00-04:00,106668.68539111328,4837.85186450195,0.0
2020-06-05 12:30:00-04:00,106668.68539111328,4520.621853515622,0.0
2020-06-05 15:30:00-04:00,106668.68539111328,4203.391842529294,0.0
2020-06-05 18:30:00-04:00,106668.68539111328,3886.161831542966,0.0
2020-06-08 09:30:00-04:00,107663.35787646484,3886.161831542966,0.009324878071802267
2020-06-08 12:30:00-04:00,107663.35787646484,3565.861843749997,0.0
2020-06-08 15:30:00-04:00,107663.35787646484,3245.5618559570285,0.0
2020-06-08 18:30:00-04:00,107663.35787646484,2925.2618681640597,0.0
2020-06-09 09:30:00-04:00,108029.6062590332,2925.2618681640597,0.0034017923069853406
2020-06-09 12:30:00-04:00,108029.6062590332,2603.8418547363253,0.0
2020-06-09 15:30:00-04:00,108029.6062590332,2282.421841308591,0.0
2020-06-09 18:30:00-04:00,108029.6062590332,1961.0018278808566,0.0
2020-06-10 09:30:00-04:00,104742.79900805664,1961.0018278808566,-0.030425059988605896
2020-06-10 12:30:00-04:00,104742.79900805664,1649.5418364257785,0.0
2020-06-10 15:30:00-04:00,104742.79900805664,1338.0818449707003,0.0
2020-06-10 18:30:00-04:00,104742.79900805664,1026.6218535156222,0.0
2020-06-11 09:30:00-04:00,103670.5386015625,1026.6218535156222,-0.010237079939134142
2020-06-11 12:30:00-04:00,103670.5386015625,718.3818632812472,0.0
2020-06-11 15:30:00-04:00,103670.5386015625,410.1418730468722,0.0
2020-06-11 18:30:00-04:00,103670.5386015625,101.9018828124972,0.0
2020-06-12 09:30:00-04:00,103670.5386015625,101.9018828124972,0.0
2020-06-12 12:30:00-04:00,103670.5386015625,-206.3381074218778,0.0
2020-06-12 15:30:00-04:00,103670.5386015625,-514.5780976562528,0.0
2020-06-12 18:30:00-04:00,103670.5386015625,-822.8180878906278,0.0
2020-06-15 09:30:00-04:00,106124.9056364746,-822.8180878906278,0.023674682007247982
2020-06-15 12:30:00-04:00,106124.9056364746,-1138.298098876956,0.0
2020-06-15 15:30:00-04:00,106124.9056364746,-1453.778109863284,0.0
2020-06-15 18:30:00-04:00,106124.9056364746,-1769.2581208496122,0.0
2020-06-16 09:30:00-04:00,105642.6843840332,-1769.2581208496122,-0.004543902767680463
2020-06-16 12:30:00-04:00,105642.6843840332,-2083.328128173831,0.0
2020-06-16 15:30:00-04:00,105642.6843840332,-2397.3981354980497,0.0
2020-06-16 18:30:00-04:00,105642.6843840332,-2711.4681428222684,0.0
2020-06-17 09:30:00-04:00,104241.98522631836,-2711.4681428222684,-0.013258837238771859
2020-06-17 12:30:00-04:00,104241.98522631836,-3021.4781525878934,0.0
2020-06-17 15:30:00-04:00,104241.98522631836,-3331.4881623535184,0.0
2020-06-17 18:30:00-04:00,104241.98522631836,-3641.4981721191434,0.0
2020-06-18 09:30:00-04:00,105689.66650073242,-3641.4981721191434,0.01388769862038819
2020-06-18 12:30:00-04:00,105689.66650073242,-3955.668185546878,0.0
2020-06-18 15:30:00-04:00,105689.66650073242,-4269.838198974612,0.0
2020-06-18 18:30:00-04:00,105689.66650073242,-4584.0082124023465,0.0
2020-06-19 09:30:00-04:00,106169.13250073242,-4104.542212402346,0.004536545680146276
2020-06-19 12:30:00-04:00,106169.13250073242,-4418.712225830081,0.0
2020-06-19 15:30:00-04:00,106169.13250073242,-4732.882239257815,0.0
2020-06-19 18:30:00-04:00,106169.13250073242,-5047.052252685549,0.0
2020-06-22 09:30:00-04:00,105928.4042902832,-5047.052252685549,-0.002267403008567981
2020-06-22 12:30:00-04:00,105928.4042902832,-5360.542242919924,0.0
2020-06-22 15:30:00-04:00,105928.4042902832,-5674.032233154299,0.0
2020-06-22 18:30:00-04:00,105928.4042902832,-5987.522223388674,0.0
2020-06-23 09:30:00-04:00,104625.35646923828,-5987.522223388674,-0.012301212595198563
2020-06-23 12:30:00-04:00,104625.35646923828,-6297.362219726565,0.0
2020-06-23 15:30:00-04:00,104625.35646923828,-6607.202216064456,0.0
2020-06-23 18:30:00-04:00,104625.35646923828,-6917.042212402346,0.0
2020-06-24 09:30:00-04:00,102332.15822705078,-6917.042212402346,-0.02191818809106516
2020-06-24 12:30:00-04:00,102332.15822705078,-7220.512213623049,0.0
2020-06-24 15:30:00-04:00,102332.15822705078,-7523.982214843752,0.0
2020-06-24 18:30:00-04:00,102332.15822705078,-7827.452216064456,0.0
2020-06-25 09:30:00-04:00,103308.62911328125,-7827.452216064456,0.009542170351414914
2020-06-25 12:30:00-04:00,103308.62911328125,-8133.612219726565,0.0
2020-06-25 15:30:00-04:00,103308.62911328125,-8439.772223388674,0.0
2020-06-25 18:30:00-04:00,103308.62911328125,-8745.932227050784,0.0
2020-06-26 09:30:00-04:00,103308.62911328125,-8745.932227050784,0.0
2020-06-26 12:30:00-04:00,103308.62911328125,-9052.092230712893,0.0
2020-06-26 15:30:00-04:00,103308.62911328125,-9358.252234375002,0.0
2020-06-26 18:30:00-04:00,103308.62911328125,-9664.412238037112,0.0
2020-06-29 09:30:00-04:00,102507.89415844726,-9664.412238037112,-0.00775090098191078
2020-06-29 12:30:00-04:00,102507.89415844726,-9968.402228271487,0.0
2020-06-29 15:30:00-04:00,102507.89415844726,-10272.392218505862,0.0
2020-06-29 18:30:00-04:00,102507.89415844726,-10576.382208740237,0.0
2020-06-30 09:30:00-04:00,104583.66051586914,-10576.382208740237,0.02024981953305316
2020-06-30 12:30:00-04:00,104583.66051586914,-10885.952216064456,0.0
2020-06-30 15:30:00-04:00,104583.66051586914,-11195.522223388674,0.0
2020-06-30 18:30:00-04:00,104583.66051586914,-11505.092230712893,0.0
2020-07-01 09:30:00-04:00,106334.90410717773,-11505.092230712893,0.016744906256583647
2020-07-01 12:30:00-04:00,106334.90410717773,-11819.332220947268,0.0
2020-07-01 15:30:00-04:00,106334.90410717773,-12133.572211181643,0.0
2020-07-01 18:30:00-04:00,106334.90410717773,-12447.812201416018,0.0
2020-07-02 09:30:00-04:00,106334.90410717773,-12447.812201416018,0.0
2020-07-02 12:30:00-04:00,106334.90410717773,-12762.052191650393,0.0
2020-07-02 15:30:00-04:00,106334.90410717773,-13076.292181884768,0.0
2020-07-02 18:30:00-04:00,106334.90410717773,-13390.532172119143,0.0
2020-07-06 09:30:00-04:00,106769.24968823242,-13390.532172119143,0.004084694340974915
2020-07-06 12:30:00-04:00,106769.24968823242,-13705.912177001956,0.0
2020-07-06 15:30:00-04:00,106769.24968823242,-14021.292181884768,0.0
2020-07-06 18:30:00-04:00,106769.24968823242,-14336.67218676758,0.0
2020-07-07 09:30:00-04:00,106473.56218823242,-14336.67218676758,-0.002769406930023477
2020-07-07 12:30:00-04:00,106473.56218823242,-14651.282172119143,0.0
2020-07-07 15:30:00-04:00,106473.56218823242,-14965.892157470706,0.0
2020-07-07 18:30:00-04:00,106473.56218823242,-15280.502142822268,0.0
2020-07-08 09:30:00-04:00,107336.5764399414,-15280.502142822268,0.008105432315519634
2020-07-08 12:30:00-04:00,107336.5764399414,-15597.342139160159,0.0
2020-07-08 15:30:00-04:00,107336.5764399414,-15914.18213549805,0.0
2020-07-08 18:30:00-04:00,107336.5764399414,-16231.02213183594,0.0
2020-07-09 09:30:00-04:00,106349.87691601562,-16231.02213183594,-0.009192574951166543
2020-07-09 12:30:00-04:00,106349.87691601562,-16545.332129394534,0.0
2020-07-09 15:30:00-04:00,106349.87691601562,-16859.642126953127,0.0
2020-07-09 18:30:00-04:00,106349.87691601562,-17173.95212451172,0.0
2020-07-10 09:30:00-04:00,106349.87691601562,-17173.95212451172,0.0
2020-07-10 12:30:00-04:00,106349.87691601562,-17488.262122070315,0.0
2020-07-10 15:30:00-04:00,106349.87691601562,-17802.57211962891,0.0
2020-07-10 18:30:00-04:00,106349.87691601562,-18116.882117187502,0.0
2020-07-13 09:30:00-04:00,105949.91304882812,-18116.882117187502,-0.0037608305602774283
2020-07-13 12:30:00-04:00,105949.91304882812,-18430.18210498047,0.0
2020-07-13 15:30:00-04:00,105949.91304882812,-18743.48209277344,0.0
2020-07-13 18:30:00-04:00,105949.91304882812,-19056.78208056641,0.0
2020-07-14 09:30:00-04:00,109584.80938061523,-19056.78208056641,0.034307685841251434
2020-07-14 12:30:00-04:00,109584.80938061523,-19379.192084228518,0.0
2020-07-14 15:30:00-04:00,109584.80938061523,-19701.602087890627,0.0
2020-07-14 18:30:00-04:00,109584.80938061523,-20024.012091552737,0.0
2020-07-15 09:30:00-04:00,108531.57134350586,-20024.012091552737,-0.009611168218135235
2020-07-15 12:30:00-04:00,108531.57134350586,-20343.80210009766,0.0
2020-07-15 15:30:00-04:00,108531.57134350586,-20663.59210864258,0.0
2020-07-15 18:30:00-04:00,108531.57134350586,-20983.382117187502,0.0
2020-07-16 09:30:00-04:00,109378.01986035156,-20983.382117187502,0.007799099435929824
2020-07-16 12:30:00-04:00,109378.01986035156,-21305.262122070315,0.0
2020-07-16 15:30:00-04:00,109378.01986035156,-21627.142126953127,0.0
2020-07-16 18:30:00-04:00,109378.01986035156,-21949.02213183594,0.0
2020-07-17 09:30:00-04:00,109378.01986035156,-21949.02213183594,0.0
2020-07-17 12:30:00-04:00,109378.01986035156,-22270.902136718752,0.0
2020-07-17 15:30:00-04:00,109378.01986035156,-22592.782141601565,0.0
2020-07-17 18:30:00-04:00,109378.01986035156,-22914.662146484377,0.0
2020-07-20 09:30:00-04:00,111256.29287060547,-22914.662146484377,0.017172307678014143
2020-07-20 12:30:00-04:00,111256.29287060547,-23241.11215869141,0.0
2020-07-20 15:30:00-04:00,111256.29287060547,-23567.56217089844,0.0
2020-07-20 18:30:00-04:00,111256.29287060547,-23894.01218310547,0.0
2020-07-21 09:30:00-04:00,110498.66579541015,-23894.01218310547,-0.00680974581884064
2020-07-21 12:30:00-04:00,110498.66579541015,-24218.63217822266,0.0
2020-07-21 15:30:00-04:00,110498.66579541015,-24543.252173339846,0.0
2020-07-21 18:30:00-04:00,110498.66579541015,-24867.872168457034,0.0
2020-07-22 09:30:00-04:00,111270.11834057617,-24867.872168457034,0.006981555294019337
2020-07-22 12:30:00-04:00,111270.11834057617,-25194.342169677737,0.0
2020-07-22 15:30:00-04:00,111270.11834057617,-25520.81217089844,0.0
2020-07-22 18:30:00-04:00,111270.11834057617,-25847.282172119143,0.0
2020-07-23 09:30:00-04:00,108951.72295483398,-25847.282172119143,-0.02083574117038356
2020-07-23 12:30:00-04:00,108951.72295483398,-26168.232184326174,0.0
2020-07-23 15:30:00-04:00,108951.72295483398,-26489.182196533206,0.0
2020-07-23 18:30:00-04:00,108951.72295483398,-26810.132208740237,0.0
2020-07-24 09:30:00-04:00,108951.72295483398,-26810.132208740237,0.0
2020-07-24 12:30:00-04:00,108951.72295483398,-27131.082220947268,0.0
2020-07-24 15:30:00-04:00,108951.72295483398,-27452.0322331543,0.0
2020-07-24 18:30:00-04:00,108951.72295483398,-27772.98224536133,0.0
2020-07-27 09:30:00-04:00,109582.19463452148,-27772.98224536133,0.005786706832978439
2020-07-27 12:30:00-04:00,109582.19463452148,-28095.412238037112,0.0
2020-07-27 15:30:00-04:00,109582.19463452148,-28417.842230712893,0.0
2020-07-27 18:30:00-04:00,109582.19463452148,-28740.272223388674,0.0
2020-07-28 09:30:00-04:00,109449.20568188476,-28740.272223388674,-0.0012136000112086265
2020-07-28 12:30:00-04:00,109449.20568188476,-29062.392218505862,0.0
2020-07-28 15:30:00-04:00,109449.20568188476,-29384.51221362305,0.0
2020-07-28 18:30:00-04:00,109449.20568188476,-29706.632208740237,0.0
2020-07-29 09:30:00-04:00,109354.16515454101,-29706.632208740237,-0.0008683528286169695
2020-07-29 12:30:00-04:00,109354.16515454101,-30028.53220263672,0.0
2020-07-29 15:30:00-04:00,109354.16515454101,-30350.432196533206,0.0
2020-07-29 18:30:00-04:00,109354.16515454101,-30672.33219042969,0.0
2020-07-30 09:30:00-04:00,111094.16515454101,-30672.33219042969,0.01591160242996703
2020-07-30 12:30:00-04:00,111094.16515454101,-30998.232184326174,0.0
2020-07-30 15:30:00-04:00,111094.16515454101,-31324.13217822266,0.0
2020-07-30 18:30:00-04:00,111094.16515454101,-31650.032172119143,0.0
2020-07-31 09:30:00-04:00,111094.16515454101,-31650.032172119143,0.0
2020-07-31 12:30:00-04:00,111094.16515454101,-31975.932166015627,0.0
2020-07-31 15:30:00-04:00,111094.16515454101,-32301.832159912112,0.0
2020-07-31 18:30:00-04:00,111094.16515454101,-32627.732153808596,0.0
2020-08-03 09:30:00-04:00,111958.52138623047,-32627.732153808596,0.007780392700976302
2020-08-03 12:30:00-04:00,111958.52138623047,-32955.59213916016,0.0
2020-08-03 15:30:00-04:00,111958.52138623047,-33283.45212451172,0.0
2020-08-03 18:30:00-04:00,111958.52138623047,-33611.312109863284,0.0
2020-08-04 09:30:00-04:00,113561.3684321289,-33611.312109863284,0.014316436355648055
2020-08-04 12:30:00-04:00,113561.3684321289,-33942.78211108399,0.0
2020-08-04 15:30:00-04:00,113561.3684321289,-34274.25211230469,0.0
2020-08-04 18:30:00-04:00,113561.3684321289,-34605.72211352539,0.0
2020-08-05 09:30:00-04:00,113565.84279736328,-34605.72211352539,3.9400416674606475e-05
2020-08-05 12:30:00-04:00,113565.84279736328,-34937.20212451172,0.0
2020-08-05 15:30:00-04:00,113565.84279736328,-35268.68213549805,0.0
2020-08-05 18:30:00-04:00,113565.84279736328,-35600.16214648438,0.0
2020-08-06 09:30:00-04:00,114375.83730419922,-35600.16214648438,0.00713237789536092
2020-08-06 12:30:00-04:00,114375.83730419922,-35933.442145263674,0.0
2020-08-06 15:30:00-04:00,114375.83730419922,-36266.72214404297,0.0
2020-08-06 18:30:00-04:00,114375.83730419922,-36600.00214282227,0.0
2020-08-07 09:30:00-04:00,114375.83730419922,-36600.00214282227,0.0
2020-08-07 12:30:00-04:00,114375.83730419922,-36933.282141601565,0.0
2020-08-07 15:30:00-04:00,114375.83730419922,-37266.56214038086,0.0
2020-08-07 18:30:00-04:00,114375.83730419922,-37599.84213916016,0.0
2020-08-10 09:30:00-04:00,116003.76064404297,-37599.84213916016,0.014233105332501772
2020-08-10 12:30:00-04:00,116003.76064404297,-37936.692145263674,0.0
2020-08-10 15:30:00-04:00,116003.76064404297,-38273.54215136719,0.0
2020-08-10 18:30:00-04:00,116003.76064404297,-38610.392157470706,0.0
2020-08-11 09:30:00-04:00,115356.56896313476,-38610.392157470706,-0.005579057759119599
2020-08-11 12:30:00-04:00,115356.56896313476,-38945.83215991211,0.0
2020-08-11 15:30:00-04:00,115356.56896313476,-39281.27216235352,0.0
2020-08-11 18:30:00-04:00,115356.56896313476,-39616.712164794924,0.0
2020-08-12 09:30:00-04:00,115897.10106762695,-39616.712164794924,0.004685750532896993
2020-08-12 12:30:00-04:00,115897.10106762695,-39953.32215014649,0.0
2020-08-12 15:30:00-04:00,115897.10106762695,-40289.93213549805,0.0
2020-08-12 18:30:00-04:00,115897.10106762695,-40626.54212084961,0.0
2020-08-13 09:30:00-04:00,115804.10958203125,-40626.54212084961,-0.0008023624813656705
2020-08-13 12:30:00-04:00,115804.10958203125,-40962.95212451172,0.0
2020-08-13 15:30:00-04:00,115804.10958203125,-41299.36212817383,0.0
2020-08-13 18:30:00-04:00,115804.10958203125,-41635.77213183594,0.0
2020-08-14 09:30:00-04:00,115804.10958203125,-41635.77213183594,0.0
2020-08-14 12:30:00-04:00,115804.10958203125,-41972.18213549805,0.0
2020-08-14 15:30:00-04:00,115804.10958203125,-42308.59213916016,0.0
2020-08-14 18:30:00-04:00,115804.10958203125,-42645.00214282227,0.0
2020-08-17 09:30:00-04:00,116713.13613232422,-42645.00214282227,0.007849691635071432
2020-08-17 12:30:00-04:00,116713.13613232422,-42983.34213916016,0.0
2020-08-17 15:30:00-04:00,116713.13613232422,-43321.68213549805,0.0
2020-08-17 18:30:00-04:00,116713.13613232422,-43660.02213183594,0.0
2020-08-18 09:30:00-04:00,117049.67208203125,-43660.02213183594,0.002883445350363001
2020-08-18 12:30:00-04:00,117049.67208203125,-43999.07211962891,0.0
2020-08-18 15:30:00-04:00,117049.67208203125,-44338.12210742188,0.0
2020-08-18 18:30:00-04:00,117049.67208203125,-44677.172095214846,0.0
2020-08-19 09:30:00-04:00,115289.54091748047,-44677.172095214846,-0.015037471982981998
2020-08-19 12:30:00-04:00,115289.54091748047,-45012.53208056641,0.0
2020-08-19 15:30:00-04:00,115289.54091748047,-45347.89206591797,0.0
2020-08-19 18:30:00-04:00,115289.54091748047,-45683.252051269534,0.0
2020-08-20 09:30:00-04:00,116518.35439404297,-45683.252051269534,0.010658499173329394
2020-08-20 12:30:00-04:00,116518.35439404297,-46021.17206469727,0.0
2020-08-20 15:30:00-04:00,116518.35439404297,-46359.092078125,0.0
2020-08-20 18:30:00-04:00,116518.35439404297,-46697.01209155274,0.0
2020-08-21 09:30:00-04:00,116518.35439404297,-46697.01209155274,0.0
2020-08-21 12:30:00-04:00,116518.35439404297,-47034.93210498047,0.0
2020-08-21 15:30:00-04:00,116518.35439404297,-47372.852118408206,0.0
2020-08-21 18:30:00-04:00,116518.35439404297,-47710.77213183594,0.0
2020-08-24 09:30:00-04:00,119244.80727490234,-47710.77213183594,0.0233993424901886
2020-08-24 12:30:00-04:00,119244.80727490234,-48054.30213061524,0.0
2020-08-24 15:30:00-04:00,119244.80727490234,-48397.832129394534,0.0
2020-08-24 18:30:00-04:00,119244.80727490234,-48741.36212817383,0.0
2020-08-25 09:30:00-04:00,119846.2826472168,-48741.36212817383,0.00504403827772415
2020-08-25 12:30:00-04:00,119846.2826472168,-49086.122137939456,0.0
2020-08-25 15:30:00-04:00,119846.2826472168,-49430.88214770508,0.0
2020-08-25 18:30:00-04:00,119846.2826472168,-49775.642157470706,0.0
2020-08-26 09:30:00-04:00,121691.2826472168,-49775.642157470706,0.015394720297090991
2020-08-26 12:30:00-04:00,121691.2826472168,-50124.15216723633,0.0
2020-08-26 15:30:00-04:00,121691.2826472168,-50472.662177001956,0.0
2020-08-26 18:30:00-04:00,121691.2826472168,-50821.17218676758,0.0
2020-08-27 09:30:00-04:00,122151.62902172851,-50821.17218676758,0.0037829034627423486
2020-08-27 12:30:00-04:00,122151.62902172851,-51170.61218920899,0.0
2020-08-27 15:30:00-04:00,122151.62902172851,-51520.05219165039,0.0
2020-08-27 18:30:00-04:00,122151.62902172851,-51869.4921940918,0.0
2020-08-28 09:30:00-04:00,122151.62902172851,-51869.4921940918,0.0
2020-08-28 12:30:00-04:00,122151.62902172851,-52218.932196533206,0.0
2020-08-28 15:30:00-04:00,122151.62902172851,-52568.37219897461,0.0
2020-08-28 18:30:00-04:00,122151.62902172851,-52917.81220141602,0.0
2020-08-31 09:30:00-04:00,122537.39351757812,-52917.81220141602,0.003158079011627235
2020-08-31 12:30:00-04:00,122537.39351757812,-53268.022192871096,0.0
2020-08-31 15:30:00-04:00,122537.39351757812,-53618.232184326174,0.0
2020-08-31 18:30:00-04:00,122537.39351757812,-53968.44217578125,0.0
2020-09-01 09:30:00-04:00,124785.24459179687,-53968.44217578125,0.01834420506011747
2020-09-01 12:30:00-04:00,124785.24459179687,-54323.11218920899,0.0
2020-09-01 15:30:00-04:00,124785.24459179687,-54677.78220263672,0.0
2020-09-01 18:30:00-04:00,124785.24459179687,-55032.452216064456,0.0
2020-09-02 09:30:00-04:00,125393.6353083496,-55032.452216064456,0.0048755020558954865
2020-09-02 12:30:00-04:00,125393.6353083496,-55388.32221118164,0.0
2020-09-02 15:30:00-04:00,125393.6353083496,-55744.19220629883,0.0
2020-09-02 18:30:00-04:00,125393.6353083496,-56100.06220141602,0.0
2020-09-03 09:30:00-04:00,120426.24028881836,-56100.06220141602,-0.03961441110879482
2020-09-03 12:30:00-04:00,120426.24028881836,-56446.19220629883,0.0
2020-09-03 15:30:00-04:00,120426.24028881836,-56792.32221118164,0.0
2020-09-03 18:30:00-04:00,120426.24028881836,-57138.452216064456,0.0
2020-09-04 09:30:00-04:00,120426.24028881836,-57138.452216064456,0.0
2020-09-04 12:30:00-04:00,120426.24028881836,-57484.58222094727,0.0
2020-09-04 15:30:00-04:00,120426.24028881836,-57830.71222583008,0.0
2020-09-04 18:30:00-04:00,120426.24028881836,-58176.84223071289,0.0
2020-09-08 09:30:00-04:00,115998.95147045898,-58176.84223071289,-0.03676348948320074
2020-09-08 12:30:00-04:00,115998.95147045898,-58514.39221850586,0.0
2020-09-08 15:30:00-04:00,115998.95147045898,-58851.94220629883,0.0
2020-09-08 18:30:00-04:00,115998.95147045898,-59189.4921940918,0.0
2020-09-09 09:30:00-04:00,118215.09160717773,-59189.4921940918,0.01910482904048605
2020-09-09 12:30:00-04:00,118215.09160717773,-59531.31220141602,0.0
2020-09-09 15:30:00-04:00,118215.09160717773,-59873.13220874024,0.0
2020-09-09 18:30:00-04:00,118215.09160717773,-60214.952216064456,0.0
2020-09-10 09:30:00-04:00,115083.09160717773,-60214.952216064456,-0.02649407920274227
2020-09-10 12:30:00-04:00,115083.09160717773,-60550.772223388674,0.0
2020-09-10 15:30:00-04:00,115083.09160717773,-60886.59223071289,0.0
2020-09-10 18:30:00-04:00,115083.09160717773,-61222.41223803711,0.0
2020-09-11 09:30:00-04:00,115083.09160717773,-61222.41223803711,0.0
2020-09-11 12:30:00-04:00,115083.09160717773,-61558.23224536133,0.0
2020-09-11 15:30:00-04:00,115083.09160717773,-61894.05225268555,0.0
2020-09-11 18:30:00-04:00,115083.09160717773,-62229.87226000977,0.0
2020-09-14 09:30:00-04:00,117881.48516186523,-62229.87226000977,0.024316287611037435
2020-09-14 12:30:00-04:00,117881.48516186523,-62570.992255126956,0.0
2020-09-14 15:30:00-04:00,117881.48516186523,-62912.11225024414,0.0
2020-09-14 18:30:00-04:00,117881.48516186523,-63253.23224536133,0.0
2020-09-15 09:30:00-04:00,118088.58294018554,-63253.23224536133,0.0017568304134949475
2020-09-15 12:30:00-04:00,118088.58294018554,-63594.742255126956,0.0
2020-09-15 15:30:00-04:00,118088.58294018554,-63936.25226489258,0.0
2020-09-15 18:30:00-04:00,118088.58294018554,-64277.762274658206,0.0
2020-09-16 09:30:00-04:00,113843.27642163086,-64277.762274658206,-0.03595018597780131
2020-09-16 12:30:00-04:00,113843.27642163086,-64611.3222722168,0.0
2020-09-16 15:30:00-04:00,113843.27642163086,-64944.88226977539,0.0
2020-09-16 18:30:00-04:00,113843.27642163086,-65278.44226733399,0.0
2020-09-17 09:30:00-04:00,114815.2451105957,-65278.44226733399,0.008537778598053158
2020-09-17 12:30:00-04:00,114815.2451105957,-65613.81226245117,0.0
2020-09-17 15:30:00-04:00,114815.2451105957,-65949.18225756836,0.0
2020-09-17 18:30:00-04:00,114815.2451105957,-66284.55225268555,0.0
2020-09-18 09:30:00-04:00,115538.3051105957,-65561.49225268555,0.006297595753103291
2020-09-18 12:30:00-04:00,115538.3051105957,-65896.86224780274,0.0
2020-09-18 15:30:00-04:00,115538.3051105957,-66232.23224291993,0.0
2020-09-18 18:30:00-04:00,115538.3051105957,-66567.60223803711,0.0
2020-09-21 09:30:00-04:00,111845.91173901367,-66567.60223803711,-0.031958174979696996
2020-09-21 12:30:00-04:00,111845.91173901367,-66896.17224536133,0.0
2020-09-21 15:30:00-04:00,111845.91173901367,-67224.74225268555,0.0
2020-09-21 18:30:00-04:00,111845.91173901367,-67553.31226000977,0.0
2020-09-22 09:30:00-04:00,113118.0844074707,-67553.31226000977,0.011374333211441545
2020-09-22 12:30:00-04:00,113118.0844074707,-67884.21225390625,0.0
2020-09-22 15:30:00-04:00,113118.0844074707,-68215.11224780274,0.0
2020-09-22 18:30:00-04:00,113118.0844074707,-68546.01224169922,0.0
2020-09-23 09:30:00-04:00,107803.76842846679,-68546.01224169922,-0.046980250831165304
2020-09-23 12:30:00-04:00,107803.76842846679,-68867.23224291993,0.0
2020-09-23 15:30:00-04:00,107803.76842846679,-69188.45224414063,0.0
2020-09-23 18:30:00-04:00,107803.76842846679,-69509.67224536133,0.0
2020-09-24 09:30:00-04:00,108554.48034252929,-69509.67224536133,0.006963688978652405
2020-09-24 12:30:00-04:00,108554.48034252929,-69832.2522319336,0.0
2020-09-24 15:30:00-04:00,108554.48034252929,-70154.83221850586,0.0
2020-09-24 18:30:00-04:00,108554.48034252929,-70477.41220507813,0.0
2020-09-25 09:30:00-04:00,108554.48034252929,-70477.41220507813,0.0
2020-09-25 12:30:00-04:00,108554.48034252929,-70799.9921916504,0.0
2020-09-25 15:30:00-04:00,108554.48034252929,-71122.57217822266,0.0
2020-09-25 18:30:00-04:00,108554.48034252929,-71445.15216479493,0.0
2020-09-28 09:30:00-04:00,114910.10851635742,-71445.15216479493,0.05854781998655212
2020-09-28 12:30:00-04:00,114910.10851635742,-71779.12216601563,0.0
2020-09-28 15:30:00-04:00,114910.10851635742,-72113.09216723633,0.0
2020-09-28 18:30:00-04:00,114910.10851635742,-72447.06216845704,0.0
2020-09-29 09:30:00-04:00,114416.4257770996,-72447.06216845704,-0.004296251614691826
2020-09-29 12:30:00-04:00,114416.4257770996,-72780.15216479493,0.0
2020-09-29 15:30:00-04:00,114416.4257770996,-73113.24216113282,0.0
2020-09-29 18:30:00-04:00,114416.4257770996,-73446.33215747071,0.0
2020-09-30 09:30:00-04:00,117010.82921948242,-73446.33215747071,0.02267509603417528
2020-09-30 12:30:00-04:00,117010.82921948242,-73784.02215991211,0.0
2020-09-30 15:30:00-04:00,117010.82921948242,-74121.71216235352,0.0
2020-09-30 18:30:00-04:00,117010.82921948242,-74459.40216479493,0.0
2020-10-01 09:30:00-04:00,113614.50475659179,-74459.40216479493,-0.029025727665941026
2020-10-01 12:30:00-04:00,113614.50475659179,-74791.10217700196,0.0
2020-10-01 15:30:00-04:00,113614.50475659179,-75122.80218920899,0.0
2020-10-01 18:30:00-04:00,113614.50475659179,-75454.50220141602,0.0
2020-10-02 09:30:00-04:00,113614.50475659179,-75454.50220141602,0.0
2020-10-02 12:30:00-04:00,113614.50475659179,-75786.20221362305,0.0
2020-10-02 15:30:00-04:00,113614.50475659179,-76117.90222583008,0.0
2020-10-02 18:30:00-04:00,113614.50475659179,-76449.60223803711,0.0
2020-10-05 09:30:00-04:00,118318.82986035156,-76449.60223803711,0.04140602569925678
2020-10-05 12:30:00-04:00,118318.82986035156,-76789.51224169922,0.0
2020-10-05 15:30:00-04:00,118318.82986035156,-77129.42224536133,0.0
2020-10-05 18:30:00-04:00,118318.82986035156,-77469.33224902344,0.0
2020-10-06 09:30:00-04:00,117287.78493847656,-77469.33224902344,-0.008714123720560019
2020-10-06 12:30:00-04:00,117287.78493847656,-77807.45224414063,0.0
2020-10-06 15:30:00-04:00,117287.78493847656,-78145.57223925782,0.0
2020-10-06 18:30:00-04:00,117287.78493847656,-78483.692234375,0.0
2020-10-07 09:30:00-04:00,120026.46129956054,-78483.692234375,0.023350056124945562
2020-10-07 12:30:00-04:00,120026.46129956054,-78826.54224047852,0.0
2020-10-07 15:30:00-04:00,120026.46129956054,-79169.39224658204,0.0
2020-10-07 18:30:00-04:00,120026.46129956054,-79512.24225268555,0.0
2020-10-08 09:30:00-04:00,121603.67632641601,-79512.24225268555,0.013140560921137912
2020-10-08 12:30:00-04:00,121603.67632641601,-79857.80225024415,0.0
2020-10-08 15:30:00-04:00,121603.67632641601,-80203.36224780274,0.0
2020-10-08 18:30:00-04:00,121603.67632641601,-80548.92224536133,0.0
2020-10-09 09:30:00-04:00,121603.67632641601,-80548.92224536133,0.0
2020-10-09 12:30:00-04:00,121603.67632641601,-80894.48224291993,0.0
2020-10-09 15:30:00-04:00,121603.67632641601,-81240.04224047852,0.0
2020-10-09 18:30:00-04:00,121603.67632641601,-81585.60223803711,0.0
2020-10-12 09:30:00-04:00,125555.03704418945,-81585.60223803711,0.032493760362696245
2020-10-12 12:30:00-04:00,125555.03704418945,-81937.88223681641,0.0
2020-10-12 15:30:00-04:00,125555.03704418945,-82290.16223559571,0.0
2020-10-12 18:30:00-04:00,125555.03704418945,-82642.442234375,0.0
2020-10-13 09:30:00-04:00,124650.807765625,-82642.442234375,-0.007201855854227501
2020-10-13 12:30:00-04:00,124650.807765625,-82993.192234375,0.0
2020-10-13 15:30:00-04:00,124650.807765625,-83343.942234375,0.0
2020-10-13 18:30:00-04:00,124650.807765625,-83694.692234375,0.0
2020-10-14 09:30:00-04:00,120469.0426899414,-83694.692234375,-0.03354783776087811
2020-10-14 12:30:00-04:00,120469.0426899414,-84038.40222583008,0.0
2020-10-14 15:30:00-04:00,120469.0426899414,-84382.11221728516,0.0
2020-10-14 18:30:00-04:00,120469.0426899414,-84725.82220874024,0.0
2020-10-15 09:30:00-04:00,123603.2926899414,-84725.82220874024,0.026017057411727107
2020-10-15 12:30:00-04:00,123603.2926899414,-85074.78220019532,0.0
2020-10-15 15:30:00-04:00,123603.2926899414,-85423.7421916504,0.0
2020-10-15 18:30:00-04:00,123603.2926899414,-85772.70218310547,0.0
2020-10-16 09:30:00-04:00,123603.2926899414,-85772.70218310547,0.0
2020-10-16 12:30:00-04:00,123603.2926899414,-86121.66217456055,0.0
2020-10-16 15:30:00-04:00,123603.2926899414,-86470.62216601563,0.0
2020-10-16 18:30:00-04:00,123603.2926899414,-86819.58215747071,0.0
2020-10-19 09:30:00-04:00,120286.7926899414,-86819.58215747071,-0.02683180947549213
2020-10-19 12:30:00-04:00,120286.7926899414,-87163.04214892579,0.0
2020-10-19 15:30:00-04:00,120286.7926899414,-87506.50214038086,0.0
2020-10-19 18:30:00-04:00,120286.7926899414,-87849.96213183594,0.0
2020-10-20 09:30:00-04:00,120208.00973095703,-87849.96213183594,-0.0006549593452661595
2020-10-20 12:30:00-04:00,120208.00973095703,-88193.29211840821,0.0
2020-10-20 15:30:00-04:00,120208.00973095703,-88536.62210498047,0.0
2020-10-20 18:30:00-04:00,120208.00973095703,-88879.95209155274,0.0
2020-10-21 09:30:00-04:00,119982.68270458984,-88879.95209155274,-0.0018744759760310759
2020-10-21 12:30:00-04:00,119982.68270458984,-89222.91208300782,0.0
2020-10-21 15:30:00-04:00,119982.68270458984,-89565.8720744629,0.0
2020-10-21 18:30:00-04:00,119982.68270458984,-89908.83206591797,0.0
2020-10-22 09:30:00-04:00,121800.32345166015,-89908.83206591797,0.015149192417588608
2020-10-22 12:30:00-04:00,121800.32345166015,-90254.76205859375,0.0
2020-10-22 15:30:00-04:00,121800.32345166015,-90600.69205126954,0.0
2020-10-22 18:30:00-04:00,121800.32345166015,-90946.62204394532,0.0
2020-10-23 09:30:00-04:00,121800.32345166015,-90946.62204394532,0.0
2020-10-23 12:30:00-04:00,121800.32345166015,-91292.5520366211,0.0
2020-10-23 15:30:00-04:00,121800.32345166015,-91638.48202929688,0.0
2020-10-23 18:30:00-04:00,121800.32345166015,-91984.41202197266,0.0
2020-10-26 09:30:00-04:00,117987.27401318359,-91984.41202197266,-0.031305741482615
2020-10-26 12:30:00-04:00,117987.27401318359,-92324.17203173829,0.0
2020-10-26 15:30:00-04:00,117987.27401318359,-92663.93204150391,0.0
2020-10-26 18:30:00-04:00,117987.27401318359,-93003.69205126954,0.0
2020-10-27 09:30:00-04:00,113230.41173901367,-93003.69205126954,-0.04031674020740916
2020-10-27 12:30:00-04:00,113230.41173901367,-93335.79205737305,0.0
2020-10-27 15:30:00-04:00,113230.41173901367,-93667.89206347657,0.0
2020-10-27 18:30:00-04:00,113230.41173901367,-93999.99206958008,0.0
2020-10-28 09:30:00-04:00,109991.85021557617,-93999.99206958008,-0.028601516798350102
2020-10-28 12:30:00-04:00,109991.85021557617,-94326.90207324219,0.0
2020-10-28 15:30:00-04:00,109991.85021557617,-94653.8120769043,0.0
2020-10-28 18:30:00-04:00,109991.85021557617,-94980.72208056641,0.0
2020-10-29 09:30:00-04:00,110850.83715405273,-94980.72208056641,0.007809550769379836
2020-10-29 12:30:00-04:00,110850.83715405273,-95309.00207934571,0.0
2020-10-29 15:30:00-04:00,110850.83715405273,-95637.282078125,0.0
2020-10-29 18:30:00-04:00,110850.83715405273,-95965.5620769043,0.0
2020-10-30 09:30:00-04:00,110850.83715405273,-95965.5620769043,0.0
2020-10-30 12:30:00-04:00,110850.83715405273,-96293.8420756836,0.0
2020-10-30 15:30:00-04:00,110850.83715405273,-96622.1220744629,0.0
2020-10-30 18:30:00-04:00,110850.83715405273,-96950.40207324219,0.0
2020-11-02 09:30:00-05:00,112066.20565380859,-96950.40207324219,0.010963999289124171
2020-11-02 12:30:00-05:00,112066.20565380859,-97280.60208544922,0.0
2020-11-02 15:30:00-05:00,112066.20565380859,-97610.80209765625,0.0
2020-11-02 18:30:00-05:00,112066.20565380859,-97941.00210986329,0.0
2020-11-03 09:30:00-05:00,114285.83944287109,-97941.00210986329,0.019806450803905307
2020-11-03 12:30:00-05:00,114285.83944287109,-98274.69211230469,0.0
2020-11-03 15:30:00-05:00,114285.83944287109,-98608.3821147461,0.0
2020-11-03 18:30:00-05:00,114285.83944287109,-98942.0721171875,0.0
2020-11-04 09:30:00-05:00,118867.45852246093,-98942.0721171875,0.04008912304380541
2020-11-04 12:30:00-05:00,118867.45852246093,-99282.93210253907,0.0
2020-11-04 15:30:00-05:00,118867.45852246093,-99623.79208789063,0.0
2020-11-04 18:30:00-05:00,118867.45852246093,-99964.65207324219,0.0
2020-11-05 09:30:00-05:00,124247.42165722656,-99964.65207324219,0.045260184760735234
2020-11-05 12:30:00-05:00,124247.42165722656,-100313.89206347657,0.0
2020-11-05 15:30:00-05:00,124247.42165722656,-100663.13205371094,0.0
2020-11-05 18:30:00-05:00,124247.42165722656,-101012.37204394532,0.0
2020-11-06 09:30:00-05:00,124692.47323193359,-101012.37204394532,0.003581978352314108
2020-11-06 12:30:00-05:00,124692.47323193359,-101362.3020366211,0.0
2020-11-06 15:30:00-05:00,124692.47323193359,-101712.23202929688,0.0
2020-11-06 18:30:00-05:00,124692.47323193359,-102062.16202197266,0.0
2020-11-09 09:30:00-05:00,133790.39876904298,-102062.16202197266,0.07296290867682798
2020-11-09 12:30:00-05:00,133790.39876904298,-102426.13202319336,0.0
2020-11-09 15:30:00-05:00,133790.39876904298,-102790.10202441407,0.0
2020-11-09 18:30:00-05:00,133790.39876904298,-103154.07202563477,0.0
2020-11-10 09:30:00-05:00,126967.91161694335,-103154.07202563477,-0.050993847203318454
2020-11-10 12:30:00-05:00,126967.91161694335,-103507.56201586915,0.0
2020-11-10 15:30:00-05:00,126967.91161694335,-103861.05200610352,0.0
2020-11-10 18:30:00-05:00,126967.91161694335,-104214.5419963379,0.0
2020-11-11 09:30:00-05:00,128871.05401196289,-104214.5419963379,0.014989160416855718
2020-11-11 12:30:00-05:00,128871.05401196289,-104570.94199023438,0.0
2020-11-11 15:30:00-05:00,128871.05401196289,-104927.34198413086,0.0
2020-11-11 18:30:00-05:00,128871.05401196289,-105283.74197802735,0.0
2020-11-12 09:30:00-05:00,128332.30919995117,-105283.74197802735,-0.00418049511693841
2020-11-12 12:30:00-05:00,128332.30919995117,-105639.32196459961,0.0
2020-11-12 15:30:00-05:00,128332.30919995117,-105994.90195117188,0.0
2020-11-12 18:30:00-05:00,128332.30919995117,-106350.48193774415,0.0
2020-11-13 09:30:00-05:00,128127.71081127929,-106350.48193774415,-0.0015942858812981742
2020-11-13 12:30:00-05:00,128127.71081127929,-106705.75192675782,0.0
2020-11-13 15:30:00-05:00,128127.71081127929,-107061.02191577149,0.0
2020-11-13 18:30:00-05:00,128127.71081127929,-107416.29190478516,0.0
2020-11-16 09:30:00-05:00,131913.4553791504,-107416.29190478516,0.029546649541309478
2020-11-16 12:30:00-05:00,131913.4553791504,-107777.27191577149,0.0
2020-11-16 15:30:00-05:00,131913.4553791504,-108138.25192675782,0.0
2020-11-16 18:30:00-05:00,131913.4553791504,-108499.23193774415,0.0
2020-11-17 09:30:00-05:00,131240.78887524415,-108499.23193774415,-0.00509930167451722
2020-11-17 12:30:00-05:00,131240.78887524415,-108859.20193896485,0.0
2020-11-17 15:30:00-05:00,131240.78887524415,-109219.17194018555,0.0
2020-11-17 18:30:00-05:00,131240.78887524415,-109579.14194140625,0.0
2020-11-18 09:30:00-05:00,131869.65050854493,-109579.14194140625,0.004791663008811842
2020-11-18 12:30:00-05:00,131869.65050854493,-109940.05194506836,0.0
2020-11-18 15:30:00-05:00,131869.65050854493,-110300.96194873047,0.0
2020-11-18 18:30:00-05:00,131869.65050854493,-110661.87195239258,0.0
2020-11-19 09:30:00-05:00,128301.33214916992,-110661.87195239258,-0.027059435932483944
2020-11-19 12:30:00-05:00,128301.33214916992,-111017.4719584961,0.0
2020-11-19 15:30:00-05:00,128301.33214916992,-111373.07196459961,0.0
2020-11-19 18:30:00-05:00,128301.33214916992,-111728.67197070313,0.0
2020-11-20 09:30:00-05:00,129583.82802929687,-111728.67197070313,0.009995966983693094
2020-11-20 12:30:00-05:00,129583.82802929687,-112086.17197070313,0.0
2020-11-20 15:30:00-05:00,129583.82802929687,-112443.67197070313,0.0
2020-11-20 18:30:00-05:00,129583.82802929687,-112801.17197070313,0.0
2020-11-23 09:30:00-05:00,129434.66720166015,-112801.17197070313,-0.001151075947555702
2020-11-23 12:30:00-05:00,129434.66720166015,-113158.45196948243,0.0
2020-11-23 15:30:00-05:00,129434.66720166015,-113515.73196826172,0.0
2020-11-23 18:30:00-05:00,129434.66720166015,-113873.01196704102,0.0
2020-11-24 09:30:00-05:00,131429.9922138672,-113873.01196704102,0.015415692374735501
2020-11-24 12:30:00-05:00,131429.9922138672,-114233.2219584961,0.0
2020-11-24 15:30:00-05:00,131429.9922138672,-114593.43194995118,0.0
2020-11-24 18:30:00-05:00,131429.9922138672,-114953.64194140625,0.0
2020-11-25 09:30:00-05:00,133427.2813984375,-114953.64194140625,0.015196601254607423
2020-11-25 12:30:00-05:00,133427.2813984375,-115316.77194628907,0.0
2020-11-25 15:30:00-05:00,133427.2813984375,-115679.90195117188,0.0
2020-11-25 18:30:00-05:00,133427.2813984375,-116043.03195605469,0.0
2020-11-27 09:30:00-05:00,133915.04552807618,-116043.03195605469,0.003655655159323201
2020-11-27 12:30:00-05:00,133915.04552807618,-116406.87195239258,0.0
2020-11-27 15:30:00-05:00,133915.04552807618,-116770.71194873047,0.0
2020-11-30 09:30:00-05:00,133219.14879956056,-116770.71194873047,-0.005196553723828767
2020-11-30 12:30:00-05:00,133219.14879956056,-117133.54193530274,0.0
2020-11-30 15:30:00-05:00,133219.14879956056,-117496.371921875,0.0
2020-11-30 18:30:00-05:00,133219.14879956056,-117859.20190844727,0.0
2020-12-01 09:30:00-05:00,135115.24315991212,-117859.20190844727,0.01423289652754356
2020-12-01 12:30:00-05:00,135115.24315991212,-118224.77191577149,0.0
2020-12-01 15:30:00-05:00,135115.24315991212,-118590.34192309571,0.0
2020-12-01 18:30:00-05:00,135115.24315991212,-118955.91193041993,0.0
2020-12-02 09:30:00-05:00,134593.99315991212,-118955.91193041993,-0.0038578178731698554
2020-12-02 12:30:00-05:00,134593.99315991212,-119320.73193774415,0.0
2020-12-02 15:30:00-05:00,134593.99315991212,-119685.55194506836,0.0
2020-12-02 18:30:00-05:00,134593.99315991212,-120050.37195239258,0.0
2020-12-03 09:30:00-05:00,135892.26293530274,-120050.37195239258,0.009645822557980965
2020-12-03 12:30:00-05:00,135892.26293530274,-120417.05194506836,0.0
2020-12-03 15:30:00-05:00,135892.26293530274,-120783.73193774415,0.0
2020-12-03 18:30:00-05:00,135892.26293530274,-121150.41193041993,0.0
2020-12-04 09:30:00-05:00,136340.91320385743,-121150.41193041993,0.003301514441394593
2020-12-04 12:30:00-05:00,136340.91320385743,-121517.73193774415,0.0
2020-12-04 15:30:00-05:00,136340.91320385743,-121885.05194506836,0.0
2020-12-04 18:30:00-05:00,136340.91320385743,-122252.37195239258,0.0
2020-12-07 09:30:00-05:00,137537.70031323243,-122252.37195239258,0.0087779015209144
2020-12-07 12:30:00-05:00,137537.70031323243,-122621.39194140625,0.0
2020-12-07 15:30:00-05:00,137537.70031323243,-122990.41193041993,0.0
2020-12-07 18:30:00-05:00,137537.70031323243,-123359.4319194336,0.0
2020-12-08 09:30:00-05:00,136618.60894360353,-123359.4319194336,-0.006682468643402828
2020-12-08 12:30:00-05:00,136618.60894360353,-123727.1519206543,0.0
2020-12-08 15:30:00-05:00,136618.60894360353,-124094.871921875,0.0
2020-12-08 18:30:00-05:00,136618.60894360353,-124462.59192309571,0.0
2020-12-09 09:30:00-05:00,138862.21154370118,-124462.59192309571,0.016422379187185365
2020-12-09 12:30:00-05:00,138862.21154370118,-124833.47192797852,0.0
2020-12-09 15:30:00-05:00,138862.21154370118,-125204.35193286133,0.0
2020-12-09 18:30:00-05:00,138862.21154370118,-125575.23193774415,0.0
2020-12-10 09:30:00-05:00,134933.57458081056,-125575.23193774415,-0.028291620299121134
2020-12-10 12:30:00-05:00,134933.57458081056,-125940.60193286133,0.0
2020-12-10 15:30:00-05:00,134933.57458081056,-126305.97192797852,0.0
2020-12-10 18:30:00-05:00,134933.57458081056,-126671.34192309571,0.0
2020-12-11 09:30:00-05:00,134597.05370678712,-126671.34192309571,-0.0024939743504823753
2020-12-11 12:30:00-05:00,134597.05370678712,-127036.24191699219,0.0
2020-12-11 15:30:00-05:00,134597.05370678712,-127401.14191088868,0.0
2020-12-11 18:30:00-05:00,134597.05370678712,-127766.04190478516,0.0
2020-12-14 09:30:00-05:00,137286.12862744142,-127766.04190478516,0.01997870567443716
2020-12-14 12:30:00-05:00,137286.12862744142,-128134.6819194336,0.0
2020-12-14 15:30:00-05:00,137286.12862744142,-128503.32193408204,0.0
2020-12-14 18:30:00-05:00,137286.12862744142,-128871.96194873047,0.0
2020-12-15 09:30:00-05:00,136390.83364453126,-128871.96194873047,-0.006521379777120417
2020-12-15 12:30:00-05:00,136390.83364453126,-129239.36194262696,0.0
2020-12-15 15:30:00-05:00,136390.83364453126,-129606.76193652344,0.0
2020-12-15 18:30:00-05:00,136390.83364453126,-129974.16193041993,0.0
2020-12-16 09:30:00-05:00,138145.34337963868,-129974.16193041993,0.01286383907352695
2020-12-16 12:30:00-05:00,138145.34337963868,-130343.98193774415,0.0
2020-12-16 15:30:00-05:00,138145.34337963868,-130713.80194506836,0.0
2020-12-16 18:30:00-05:00,138145.34337963868,-131083.62195239257,0.0
2020-12-17 09:30:00-05:00,139688.69982495118,-131083.62195239257,0.011171975888258467
2020-12-17 12:30:00-05:00,139688.69982495118,-131455.56195483397,0.0
2020-12-17 15:30:00-05:00,139688.69982495118,-131827.50195727538,0.0
2020-12-17 18:30:00-05:00,139688.69982495118,-132199.4419597168,0.0
2020-12-18 09:30:00-05:00,138979.6289326172,-132199.4419597168,-0.0050760791189448096
2020-12-18 12:30:00-05:00,138979.6289326172,-132570.4119609375,0.0
2020-12-18 15:30:00-05:00,138979.6289326172,-132941.3819621582,0.0
2020-12-18 18:30:00-05:00,138979.6289326172,-133312.3519633789,0.0
2020-12-21 09:30:00-05:00,135735.3489326172,-132152.6319633789,-0.023343564988023924
2020-12-21 12:30:00-05:00,135735.3489326172,-132517.6019645996,0.0
2020-12-21 15:30:00-05:00,135735.3489326172,-132882.5719658203,0.0
2020-12-21 18:30:00-05:00,135735.3489326172,-133247.541967041,0.0
2020-12-22 09:30:00-05:00,138123.22173535157,-133247.541967041,0.017592121886538026
2020-12-22 12:30:00-05:00,138123.22173535157,-133615.75195849608,0.0
2020-12-22 15:30:00-05:00,138123.22173535157,-133983.96194995116,0.0
2020-12-22 18:30:00-05:00,138123.22173535157,-134352.17194140624,0.0
2020-12-23 09:30:00-05:00,138175.02715527345,-134352.17194140624,0.00037506669241427204
2020-12-23 12:30:00-05:00,138175.02715527345,-134720.45194018554,0.0
2020-12-23 15:30:00-05:00,138175.02715527345,-135088.73193896483,0.0
2020-12-23 18:30:00-05:00,138175.02715527345,-135457.01193774413,0.0
2020-12-24 09:30:00-05:00,138026.41808544923,-135457.01193774413,-0.0010755132304567372
2020-12-24 12:30:00-05:00,138026.41808544923,-135825.0919243164,0.0
2020-12-24 15:30:00-05:00,138026.41808544923,-136193.17191088866,0.0
2020-12-28 09:30:00-05:00,140753.1208137207,-136193.17191088866,0.019754933628600257
2020-12-28 12:30:00-05:00,140753.1208137207,-136564.91190112304,0.0
2020-12-28 15:30:00-05:00,140753.1208137207,-136936.6518913574,0.0
2020-12-28 18:30:00-05:00,140753.1208137207,-137308.3918815918,0.0
2020-12-29 09:30:00-05:00,142301.48629223634,-137308.3918815918,0.01100057653829789
2020-12-29 12:30:00-05:00,142301.48629223634,-137682.20187915038,0.0
2020-12-29 15:30:00-05:00,142301.48629223634,-138056.01187670897,0.0
2020-12-29 18:30:00-05:00,142301.48629223634,-138429.82187426757,0.0
2020-12-30 09:30:00-05:00,141197.5153754883,-138429.82187426757,-0.007757971792936025
2020-12-30 12:30:00-05:00,141197.5153754883,-138802.16187060546,0.0
2020-12-30 15:30:00-05:00,141197.5153754883,-139174.50186694335,0.0
2020-12-30 18:30:00-05:00,141197.5153754883,-139546.84186328124,0.0
